{
    "unused_gear": {
        "112Salvage": 15,
        "108Salvage": 15,
        "138Salvage": 24,
        "138Component": 0,
        "091Salvage": 0,
        "102Salvage": 0,
        "113Salvage": 0,
        "116PrototypeSalvage": 0,
        "117PrototypeSalvage": 15,
        "129Component": 0,
        "172Salvage": 74,
        "147Salvage": 50,
        "129Salvage": 0,
        "136Salvage": 0,
        "120PrototypeSalvage": 1,
        "144Salvage": 0,
        "139Salvage": 0,
        "150Salvage": 0,
        "170PrototypeSalvage": 0,
        "171PrototypeSalvage": 0,
        "174Ingredient_Salvage": 47,
        "168PrototypeSalvage": 45,
        "135Salvage": 0,
        "093PrototypeSalvage": 0,
        "101Salvage": 0,
        "148Salvage": 26,
        "156Salvage": 0,
        "170PrototypeSalvage_V2": 0,
        "151Salvage": 0,
        "171PrototypeSalvage_V2": 0,
        "159PrototypeSalvage": 30,
        "158PrototypeSalvage": 11,
        "164PrototypeSalvage": 0,
        "002": 0,
        "051Salvage": 0,
        "090PrototypeSalvage": 0,
        "095Salvage": 0,
        "104PrototypeSalvage": 0,
        "092Salvage": 0,
        "058Salvage": 0,
        "076Salvage": 0,
        "054Salvage": 0,
        "064PrototypeSalvage": 0,
        "062Salvage": 0,
        "011": 0,
        "035": 0,
        "015Prototype": 0,
        "032Prototype": 0,
        "057Salvage": 0,
        "084PrototypeSalvage": 0,
        "050Salvage": 0,
        "049Prototype": 0,
        "025": 0,
        "005": 0,
        "008": 0,
        "053Salvage": 0,
        "068PrototypeSalvage": 0,
        "016": 0,
        "073PrototypeSalvage": 0,
        "087PrototypeSalvage": 0,
        "065Salvage": 0,
        "080PrototypeSalvage": 0,
        "086PrototypeSalvage": 0,
        "020": 0,
        "027": 0,
        "003": 0,
        "021Prototype": 0,
        "029": 0,
        "036": 0,
        "013": 0,
        "034": 0,
        "040Prototype": 0,
        "026": 0,
        "023": 0,
        "055Prototype": 0,
        "066": 0,
        "037Prototype": 0,
        "056Prototype": 0,
        "019": 0,
        "061Prototype": 0,
        "010": 0,
        "030": 0,
        "119PrototypeSalvage": 0,
        "173Salvage": 0,
        "152Salvage": 46,
        "146Salvage": 0,
        "159Salvage": 0,
        "153Salvage": 0,
        "131Salvage": 38,
        "166PrototypeSalvage": 149,
        "169PrototypeSalvage": 0,
        "175Ingredient_Salvage": 0,
        "166PrototypeSalvage_V2": 96,
        "160PrototypeSalvage": 0,
        "165PrototypeSalvage": 0,
        "097PrototypeSalvage": 0,
        "078PrototypeSalvage": 0,
        "075PrototypeSalvage": 0,
        "028Prototype": 0,
        "004": 0,
        "017Prototype": 0,
        "006": 0,
        "012": 0,
        "145Salvage": 0,
        "160Salvage": 0,
        "167PrototypeSalvage": 0,
        "167PrototypeSalvage_V2": 0,
        "106PrototypeSalvage": 0,
        "100PrototypeSalvage": 0,
        "052Salvage": 0,
        "007": 0,
        "024": 0,
        "103PrototypeSalvage": 0,
        "149Salvage": 18,
        "176Ingredient_Salvage": 0,
        "123Component": 0,
        "096PrototypeSalvage": 0,
        "069Prototype": 0,
        "044Prototype": 0,
        "094PrototypeSalvage": 0,
        "168PrototypeSalvage_V2": 0,
        "130Salvage": 329,
        "130Component": 33,
        "157Salvage": 0,
        "154Salvage": 28,
        "161PrototypeSalvage": 0,
        "162PrototypeSalvage": 14,
        "063PrototypeSalvage": 0,
        "071PrototypeSalvage": 0,
        "009": 0,
        "014Prototype": 0,
        "140Salvage": 0,
        "158Salvage": 0,
        "133Salvage": 0,
        "133Component": 0,
        "072PrototypeSalvage": 0,
        "114PrototypeSalvage": 0,
        "161Salvage": 0,
        "123Salvage": 0,
        "155Salvage": 0,
        "163PrototypeSalvage": 0,
        "143Salvage": 0,
        "169PrototypeSalvage_V2": 0
    },
    "ally_code": 413367177,
    "toon_id": "CT5555"
}