{
    "AAYLASECURA": 80,
    "ADMIRALACKBAR": 169,
    "ADMIRALPIETT": 562,
    "AHSOKATANO": 64,
    "FULCRUMAHSOKA": 236,
    "AMILYNHOLDO": 254,
    "ARCTROOPER501ST": 394,
    "ASAJVENTRESS": 23,
    "AURRA_SING": 294,
    "B1BATTLEDROIDV2": 324,
    "B2SUPERBATTLEDROID": 195,
    "BARRISSOFFEE": 61,
    "BASTILASHAN": 284,
    "BASTILASHANDARK": 305,
    "BAZEMALBUS": 216,
    "BB8": 242,
    "BIGGSDARKLIGHTER": 152,
    "BISTAN": 214,
    "BOKATAN": 938,
    "BOBAFETT": 164,
    "BODHIROOK": 232,
    "BOSSK": 264,
    "C3POLEGENDARY": 312,
    "CADBANE": 121,
    "CANDEROUSORDO": 307,
    "HOTHHAN": 239,
    "PHASMA": 67,
    "CARADUNE": 444,
    "CARTHONASI": 310,
    "CASSIANANDOR": 219,
    "CC2224": 26,
    "CHEWBACCALEGENDARY": 300,
    "CHIEFCHIRPA": 72,
    "CHIEFNEBIT": 93,
    "CHIRRUTIMWE": 215,
    "CHOPPERS3": 225,
    "CLONESERGEANTPHASEI": 186,
    "CLONEWARSCHEWBACCA": 62,
    "COLONELSTARCK": 247,
    "COMMANDERAHSOKA": 1084,
    "COMMANDERLUKESKYWALKER": 238,
    "CORUSCANTUNDERWORLDPOLICE": 78,
    "COUNTDOOKU": 91,
    "CT210408": 149,
    "CT5555": 189,
    "CT7567": 16,
    "DARKTROOPER": 907,
    "DARTHMALAK": 342,
    "MAUL": 82,
    "DARTHNIHILUS": 222,
    "DARTHREVAN": 336,
    "DARTHSIDIOUS": 73,
    "DARTHSION": 259,
    "DARTHTRAYA": 258,
    "VADER": 200,
    "DATHCHA": 142,
    "DEATHTROOPER": 221,
    "DENGAR": 115,
    "DIRECTORKRENNIC": 220,
    "DROIDEKA": 325,
    "BADBATCHECHO": 1051,
    "EETHKOTH": 203,
    "EMBO": 290,
    "EMPERORPALPATINE": 180,
    "ENFYSNEST": 274,
    "EWOKELDER": 21,
    "EWOKSCOUT": 71,
    "EZRABRIDGERS3": 230,
    "FINN": 66,
    "FIRSTORDEREXECUTIONER": 253,
    "FIRSTORDEROFFICERMALE": 166,
    "FIRSTORDERSPECIALFORCESPILOT": 246,
    "FIRSTORDERTROOPER": 150,
    "FIRSTORDERTIEPILOT": 199,
    "GAMORREANGUARD": 207,
    "GARSAXON": 234,
    "ZEBS3": 229,
    "GRIEVOUS": 1,
    "GENERALHUX": 408,
    "GENERALKENOBI": 213,
    "GENERALSKYWALKER": 385,
    "VEERS": 132,
    "GEONOSIANBROODALPHA": 363,
    "GEONOSIANSOLDIER": 57,
    "GEONOSIANSPY": 88,
    "GRANDADMIRALTHRAWN": 237,
    "GRANDMASTERYODA": 144,
    "GRANDMOFFTARKIN": 138,
    "GREEDO": 190,
    "GREEFKARGA": 446,
    "HANSOLO": 41,
    "HERASYNDULLAS3": 227,
    "HERMITYODA": 74,
    "HK47": 172,
    "HOTHREBELSCOUT": 157,
    "HOTHREBELSOLDIER": 54,
    "BADBATCHHUNTER": 975,
    "MAGNAGUARD": 17,
    "IG11": 638,
    "IG86SENTINELDROID": 167,
    "IG88": 143,
    "IMAGUNDI": 147,
    "IMPERIALPROBEDROID": 248,
    "IMPERIALSUPERCOMMANDO": 233,
    "JANGOFETT": 298,
    "JAWA": 123,
    "JAWAENGINEER": 87,
    "JAWASCAVENGER": 209,
    "JEDIKNIGHTCONSULAR": 100,
    "ANAKINKNIGHT": 112,
    "JEDIKNIGHTGUARDIAN": 107,
    "JEDIKNIGHTLUKE": 487,
    "JEDIKNIGHTREVAN": 302,
    "GRANDMASTERLUKE": 600,
    "JOLEEBINDO": 283,
    "JUHANI": 308,
    "JYNERSO": 217,
    "K2SO": 218,
    "KANANJARRUSS3": 226,
    "KIADIMUNDI": 397,
    "KITFISTO": 187,
    "KUIIL": 609,
    "KYLOREN": 141,
    "KYLORENUNMASKED": 245,
    "L3_37": 279,
    "ADMINISTRATORLANDO": 4,
    "LOBOT": 84,
    "LOGRAY": 170,
    "LUKESKYWALKER": 24,
    "LUMINARAUNDULI": 158,
    "MACEWINDU": 70,
    "MAGMATROOPER": 47,
    "MISSIONVAO": 287,
    "HUMANTHUG": 2,
    "MOFFGIDEONS1": 691,
    "MONMOTHMA": 543,
    "MOTHERTALZIN": 75,
    "NIGHTSISTERACOLYTE": 108,
    "NIGHTSISTERINITIATE": 129,
    "NIGHTSISTERSPIRIT": 244,
    "NIGHTSISTERZOMBIE": 243,
    "NUTEGUNRAY": 177,
    "OLDBENKENOBI": 154,
    "DAKA": 25,
    "PADMEAMIDALA": 346,
    "PAO": 228,
    "PAPLOO": 185,
    "PLOKOON": 7,
    "POE": 179,
    "POGGLETHELESSER": 81,
    "PRINCESSLEIA": 122,
    "QIRA": 272,
    "QUIGONJINN": 44,
    "R2D2_LEGENDARY": 235,
    "RANGETROOPER": 280,
    "HOTHLEIA": 92,
    "EPIXFINN": 417,
    "EPIXPOE": 420,
    "RESISTANCEPILOT": 38,
    "RESISTANCETROOPER": 133,
    "GLREY": 434,
    "REYJEDITRAINING": 250,
    "REY": 116,
    "ROSETICO": 255,
    "ROYALGUARD": 18,
    "SABINEWRENS3": 231,
    "SAVAGEOPRESS": 137,
    "SCARIFREBEL": 210,
    "SHAAKTI": 351,
    "SHORETROOPER": 212,
    "SITHASSASSIN": 224,
    "SITHTROOPER": 223,
    "SITHPALPATINE": 596,
    "SITHMARAUDER": 256,
    "FOSITHTROOPER": 405,
    "SNOWTROOPER": 162,
    "STORMTROOPER": 55,
    "STORMTROOPERHAN": 202,
    "SUNFAC": 192,
    "SUPREMELEADERKYLOREN": 441,
    "T3_M4": 286,
    "TALIA": 197,
    "BADBATCHTECH": 1003,
    "TEEBO": 168,
    "ARMORER": 798,
    "THEMANDALORIAN": 447,
    "THEMANDALORIANBESKARARMOR": 724,
    "C3POCHEWBACCA": 509,
    "TIEFIGHTERPILOT": 124,
    "TUSKENRAIDER": 43,
    "TUSKENSHAMAN": 39,
    "UGNAUGHT": 58,
    "URORRURRR": 125,
    "YOUNGCHEWBACCA": 266,
    "SMUGGLERCHEWBACCA": 240,
    "SMUGGLERHAN": 241,
    "VISASMARR": 257,
    "WAMPA": 249,
    "WATTAMBOR": 360,
    "WEDGEANTILLES": 191,
    "WICKET": 105,
    "BADBATCHWRECKER": 1031,
    "YOUNGHAN": 267,
    "YOUNGLANDO": 277,
    "ZAALBAR": 288,
    "ZAMWESELL": 208
}