{
    "117PrototypeSalvage": 32,
    "108Salvage": 13,
    "120PrototypeSalvage": 12,
    "130Salvage": 0,
    "135Salvage": 0,
    "160Salvage": 0,
    "130Component": 0,
    "145Salvage": 0,
    "149Salvage": 0,
    "166PrototypeSalvage": 0,
    "172Salvage": 0,
    "166PrototypeSalvage_V2": 0,
    "152Salvage": 0,
    "138Salvage": 0,
    "112Salvage": 0,
    "138Component": 0,
    "131Salvage": 0,
    "161Salvage": 0,
    "123Component": 0,
    "123Salvage": 0,
    "174Ingredient_Salvage": 0,
    "168PrototypeSalvage": 0,
    "054Salvage": 0,
    "101Salvage": 0,
    "092Salvage": 0,
    "147Salvage": 0,
    "154Salvage": 0,
    "148Salvage": 0,
    "080PrototypeSalvage": 0,
    "002": 0,
    "065Salvage": 0,
    "158PrototypeSalvage": 0,
    "162PrototypeSalvage": 0,
    "159PrototypeSalvage": 0,
    "050Salvage": 0,
    "106PrototypeSalvage": 0,
    "095Salvage": 0,
    "103PrototypeSalvage": 0,
    "035": 0,
    "011": 0,
    "032Prototype": 0,
    "049Prototype": 0,
    "015Prototype": 0,
    "063PrototypeSalvage": 0,
    "053Salvage": 0,
    "058Salvage": 0,
    "016": 0,
    "034": 0,
    "036": 0,
    "030": 0,
    "005": 0,
    "008": 0,
    "007": 0,
    "062Salvage": 0,
    "013": 0,
    "051Salvage": 0,
    "075PrototypeSalvage": 0,
    "087PrototypeSalvage": 0,
    "071PrototypeSalvage": 0,
    "003": 0,
    "010": 0,
    "026": 0,
    "021Prototype": 0,
    "020": 0,
    "023": 0,
    "012": 0,
    "025": 0,
    "055Prototype": 0,
    "027": 0,
    "040Prototype": 0,
    "006": 0,
    "017Prototype": 0,
    "037Prototype": 0,
    "061Prototype": 0,
    "056Prototype": 0,
    "019": 0,
    "029": 0,
    "129Salvage": 0,
    "129Component": 0,
    "173Salvage": 0,
    "102Salvage": 0,
    "153Salvage": 0,
    "116PrototypeSalvage": 0,
    "171PrototypeSalvage": 0,
    "169PrototypeSalvage": 0,
    "175Ingredient_Salvage": 0,
    "157Salvage": 0,
    "156Salvage": 0,
    "171PrototypeSalvage_V2": 0,
    "161PrototypeSalvage": 0,
    "164PrototypeSalvage": 0,
    "094PrototypeSalvage": 0,
    "093PrototypeSalvage": 0,
    "091Salvage": 0,
    "100PrototypeSalvage": 0,
    "084PrototypeSalvage": 0,
    "052Salvage": 0,
    "057Salvage": 0,
    "076Salvage": 0,
    "024": 0,
    "009": 0,
    "014Prototype": 0,
    "113Salvage": 0,
    "136Salvage": 0,
    "144Salvage": 0,
    "139Salvage": 0,
    "150Salvage": 0,
    "170PrototypeSalvage": 0,
    "170PrototypeSalvage_V2": 0,
    "151Salvage": 0,
    "090PrototypeSalvage": 0,
    "104PrototypeSalvage": 0,
    "064PrototypeSalvage": 0,
    "068PrototypeSalvage": 0,
    "073PrototypeSalvage": 0,
    "086PrototypeSalvage": 0,
    "066": 0,
    "119PrototypeSalvage": 0,
    "146Salvage": 0,
    "159Salvage": 0,
    "160PrototypeSalvage": 0,
    "165PrototypeSalvage": 0,
    "097PrototypeSalvage": 0,
    "078PrototypeSalvage": 0,
    "028Prototype": 0,
    "004": 0,
    "072PrototypeSalvage": 0,
    "140Salvage": 0,
    "096PrototypeSalvage": 0,
    "069Prototype": 0,
    "133Salvage": 0,
    "133Component": 0,
    "114PrototypeSalvage": 0,
    "143Salvage": 0,
    "155Salvage": 0,
    "168PrototypeSalvage_V2": 0,
    "163PrototypeSalvage": 0
}