{
    "Aayla Secura": "AAYLASECURA",
    "Admiral Ackbar": "ADMIRALACKBAR",
    "Admiral Piett": "ADMIRALPIETT",
    "Ahsoka Tano": "AHSOKATANO",
    "Ahsoka Tano (Fulcrum)": "FULCRUMAHSOKA",
    "Amilyn Holdo": "AMILYNHOLDO",
    "ARC Trooper": "ARCTROOPER501ST",
    "Asajj Ventress": "ASAJVENTRESS",
    "Aurra Sing": "AURRA_SING",
    "B1 Battle Droid": "B1BATTLEDROIDV2",
    "B2 Super Battle Droid": "B2SUPERBATTLEDROID",
    "Barriss Offee": "BARRISSOFFEE",
    "Bastila Shan": "BASTILASHAN",
    "Bastila Shan (Fallen)": "BASTILASHANDARK",
    "Baze Malbus": "BAZEMALBUS",
    "BB-8": "BB8",
    "Biggs Darklighter": "BIGGSDARKLIGHTER",
    "Bistan": "BISTAN",
    "Bo-Katan Kryze": "BOKATAN",
    "Boba Fett": "BOBAFETT",
    "Bodhi Rook": "BODHIROOK",
    "Bossk": "BOSSK",
    "C-3PO": "C3POLEGENDARY",
    "Cad Bane": "CADBANE",
    "Canderous Ordo": "CANDEROUSORDO",
    "Captain Han Solo": "HOTHHAN",
    "Captain Phasma": "PHASMA",
    "Cara Dune": "CARADUNE",
    "Carth Onasi": "CARTHONASI",
    "Cassian Andor": "CASSIANANDOR",
    "CC-2224 \"Cody\"": "CC2224",
    "Chewbacca": "CHEWBACCALEGENDARY",
    "Chief Chirpa": "CHIEFCHIRPA",
    "Chief Nebit": "CHIEFNEBIT",
    "Chirrut \u00cemwe": "CHIRRUTIMWE",
    "Chopper": "CHOPPERS3",
    "Clone Sergeant - Phase I": "CLONESERGEANTPHASEI",
    "Clone Wars Chewbacca": "CLONEWARSCHEWBACCA",
    "Colonel Starck": "COLONELSTARCK",
    "Commander Ahsoka Tano": "COMMANDERAHSOKA",
    "Commander Luke Skywalker": "COMMANDERLUKESKYWALKER",
    "Coruscant Underworld Police": "CORUSCANTUNDERWORLDPOLICE",
    "Count Dooku": "COUNTDOOKU",
    "CT-21-0408 \"Echo\"": "CT210408",
    "CT-5555 \"Fives\"": "CT5555",
    "CT-7567 \"Rex\"": "CT7567",
    "Dark Trooper": "DARKTROOPER",
    "Darth Malak": "DARTHMALAK",
    "Darth Maul": "MAUL",
    "Darth Nihilus": "DARTHNIHILUS",
    "Darth Revan": "DARTHREVAN",
    "Darth Sidious": "DARTHSIDIOUS",
    "Darth Sion": "DARTHSION",
    "Darth Traya": "DARTHTRAYA",
    "Darth Vader": "VADER",
    "Dathcha": "DATHCHA",
    "Death Trooper": "DEATHTROOPER",
    "Dengar": "DENGAR",
    "Director Krennic": "DIRECTORKRENNIC",
    "Droideka": "DROIDEKA",
    "Echo": "BADBATCHECHO",
    "Eeth Koth": "EETHKOTH",
    "Embo": "EMBO",
    "Emperor Palpatine": "EMPERORPALPATINE",
    "Enfys Nest": "ENFYSNEST",
    "Ewok Elder": "EWOKELDER",
    "Ewok Scout": "EWOKSCOUT",
    "Ezra Bridger": "EZRABRIDGERS3",
    "Finn": "FINN",
    "First Order Executioner": "FIRSTORDEREXECUTIONER",
    "First Order Officer": "FIRSTORDEROFFICERMALE",
    "First Order SF TIE Pilot": "FIRSTORDERSPECIALFORCESPILOT",
    "First Order Stormtrooper": "FIRSTORDERTROOPER",
    "First Order TIE Pilot": "FIRSTORDERTIEPILOT",
    "Gamorrean Guard": "GAMORREANGUARD",
    "Gar Saxon": "GARSAXON",
    "Garazeb \"Zeb\" Orrelios": "ZEBS3",
    "General Grievous": "GRIEVOUS",
    "General Hux": "GENERALHUX",
    "General Kenobi": "GENERALKENOBI",
    "General Skywalker": "GENERALSKYWALKER",
    "General Veers": "VEERS",
    "Geonosian Brood Alpha": "GEONOSIANBROODALPHA",
    "Geonosian Soldier": "GEONOSIANSOLDIER",
    "Geonosian Spy": "GEONOSIANSPY",
    "Grand Admiral Thrawn": "GRANDADMIRALTHRAWN",
    "Grand Master Yoda": "GRANDMASTERYODA",
    "Grand Moff Tarkin": "GRANDMOFFTARKIN",
    "Greedo": "GREEDO",
    "Greef Karga": "GREEFKARGA",
    "Han Solo": "HANSOLO",
    "Hera Syndulla": "HERASYNDULLAS3",
    "Hermit Yoda": "HERMITYODA",
    "HK-47": "HK47",
    "Hoth Rebel Scout": "HOTHREBELSCOUT",
    "Hoth Rebel Soldier": "HOTHREBELSOLDIER",
    "Hunter": "BADBATCHHUNTER",
    "IG-100 MagnaGuard": "MAGNAGUARD",
    "IG-11": "IG11",
    "IG-86 Sentinel Droid": "IG86SENTINELDROID",
    "IG-88": "IG88",
    "Ima-Gun Di": "IMAGUNDI",
    "Imperial Probe Droid": "IMPERIALPROBEDROID",
    "Imperial Super Commando": "IMPERIALSUPERCOMMANDO",
    "Jango Fett": "JANGOFETT",
    "Jawa": "JAWA",
    "Jawa Engineer": "JAWAENGINEER",
    "Jawa Scavenger": "JAWASCAVENGER",
    "Jedi Consular": "JEDIKNIGHTCONSULAR",
    "Jedi Knight Anakin": "ANAKINKNIGHT",
    "Jedi Knight Guardian": "JEDIKNIGHTGUARDIAN",
    "Jedi Knight Luke Skywalker": "JEDIKNIGHTLUKE",
    "Jedi Knight Revan": "JEDIKNIGHTREVAN",
    "Jedi Master Luke Skywalker": "GRANDMASTERLUKE",
    "Jolee Bindo": "JOLEEBINDO",
    "Juhani": "JUHANI",
    "Jyn Erso": "JYNERSO",
    "K-2SO": "K2SO",
    "Kanan Jarrus": "KANANJARRUSS3",
    "Ki-Adi-Mundi": "KIADIMUNDI",
    "Kit Fisto": "KITFISTO",
    "Kuiil": "KUIIL",
    "Kylo Ren": "KYLOREN",
    "Kylo Ren (Unmasked)": "KYLORENUNMASKED",
    "L3-37": "L3_37",
    "Lando Calrissian": "ADMINISTRATORLANDO",
    "Lobot": "LOBOT",
    "Logray": "LOGRAY",
    "Luke Skywalker (Farmboy)": "LUKESKYWALKER",
    "Luminara Unduli": "LUMINARAUNDULI",
    "Mace Windu": "MACEWINDU",
    "Magmatrooper": "MAGMATROOPER",
    "Mission Vao": "MISSIONVAO",
    "Mob Enforcer": "HUMANTHUG",
    "Moff Gideon": "MOFFGIDEONS1",
    "Mon Mothma": "MONMOTHMA",
    "Mother Talzin": "MOTHERTALZIN",
    "Nightsister Acolyte": "NIGHTSISTERACOLYTE",
    "Nightsister Initiate": "NIGHTSISTERINITIATE",
    "Nightsister Spirit": "NIGHTSISTERSPIRIT",
    "Nightsister Zombie": "NIGHTSISTERZOMBIE",
    "Nute Gunray": "NUTEGUNRAY",
    "Obi-Wan Kenobi (Old Ben)": "OLDBENKENOBI",
    "Old Daka": "DAKA",
    "Padm\u00e9 Amidala": "PADMEAMIDALA",
    "Pao": "PAO",
    "Paploo": "PAPLOO",
    "Plo Koon": "PLOKOON",
    "Poe Dameron": "POE",
    "Poggle the Lesser": "POGGLETHELESSER",
    "Princess Leia": "PRINCESSLEIA",
    "Qi'ra": "QIRA",
    "Qui-Gon Jinn": "QUIGONJINN",
    "R2-D2": "R2D2_LEGENDARY",
    "Range Trooper": "RANGETROOPER",
    "Rebel Officer Leia Organa": "HOTHLEIA",
    "Resistance Hero Finn": "EPIXFINN",
    "Resistance Hero Poe": "EPIXPOE",
    "Resistance Pilot": "RESISTANCEPILOT",
    "Resistance Trooper": "RESISTANCETROOPER",
    "Rey": "GLREY",
    "Rey (Jedi Training)": "REYJEDITRAINING",
    "Rey (Scavenger)": "REY",
    "Rose Tico": "ROSETICO",
    "Royal Guard": "ROYALGUARD",
    "Sabine Wren": "SABINEWRENS3",
    "Savage Opress": "SAVAGEOPRESS",
    "Scarif Rebel Pathfinder": "SCARIFREBEL",
    "Shaak Ti": "SHAAKTI",
    "Shoretrooper": "SHORETROOPER",
    "Sith Assassin": "SITHASSASSIN",
    "Sith Empire Trooper": "SITHTROOPER",
    "Sith Eternal Emperor": "SITHPALPATINE",
    "Sith Marauder": "SITHMARAUDER",
    "Sith Trooper": "FOSITHTROOPER",
    "Snowtrooper": "SNOWTROOPER",
    "Stormtrooper": "STORMTROOPER",
    "Stormtrooper Han": "STORMTROOPERHAN",
    "Sun Fac": "SUNFAC",
    "Supreme Leader Kylo Ren": "SUPREMELEADERKYLOREN",
    "T3-M4": "T3_M4",
    "Talia": "TALIA",
    "Tech": "BADBATCHTECH",
    "Teebo": "TEEBO",
    "The Armorer": "ARMORER",
    "The Mandalorian": "THEMANDALORIAN",
    "The Mandalorian (Beskar Armor)": "THEMANDALORIANBESKARARMOR",
    "Threepio & Chewie": "C3POCHEWBACCA",
    "TIE Fighter Pilot": "TIEFIGHTERPILOT",
    "Tusken Raider": "TUSKENRAIDER",
    "Tusken Shaman": "TUSKENSHAMAN",
    "Ugnaught": "UGNAUGHT",
    "URoRRuR'R'R": "URORRURRR",
    "Vandor Chewbacca": "YOUNGCHEWBACCA",
    "Veteran Smuggler Chewbacca": "SMUGGLERCHEWBACCA",
    "Veteran Smuggler Han Solo": "SMUGGLERHAN",
    "Visas Marr": "VISASMARR",
    "Wampa": "WAMPA",
    "Wat Tambor": "WATTAMBOR",
    "Wedge Antilles": "WEDGEANTILLES",
    "Wicket": "WICKET",
    "Wrecker": "BADBATCHWRECKER",
    "Young Han Solo": "YOUNGHAN",
    "Young Lando Calrissian": "YOUNGLANDO",
    "Zaalbar": "ZAALBAR",
    "Zam Wesell": "ZAMWESELL"
}